{
  "test_results": {},
  "mock_simulation": {
    "iterations": 1000,
    "mean": 600.7135475802858,
    "median": 600.874884703067,
    "std_dev": 19.267609851007094,
    "min_value": 551.3154496893325,
    "max_value": 651.2314767124617,
    "percentile_5": 568.5636586698834,
    "percentile_95": 632.2995720354824,
    "histogram": {
      "bins": [
        551.3154496893325,
        556.311251040489,
        561.3070523916454,
        566.3028537428019,
        571.2986550939584,
        576.2944564451147,
        581.2902577962712,
        586.2860591474277,
        591.2818604985841,
        596.2776618497406,
        601.2734632008971,
        606.2692645520535,
        611.26506590321,
        616.2608672543664,
        621.2566686055229,
        626.2524699566794,
        631.2482713078358,
        636.2440726589923,
        641.2398740101488,
        646.2356753613052,
        651.2314767124617
      ],
      "counts": [
        8,
        8,
        23,
        33,
        39,
        52,
        69,
        83,
        98,
        93,
        110,
        80,
        76,
        82,
        51,
        35,
        31,
        12,
        11,
        6
      ]
    },
    "raw_values_sample": [
      607.7040496988093,
      628.1023739109878,
      592.3284862740632,
      598.2734126994478,
      582.926993282334,
      594.0835527294362,
      598.6120599308726,
      615.9166895205068,
      633.688279506862,
      594.16876739669
    ]
  }
}